Yeara,,Modeb,,"Response
 Ratec FY",SR,,"Sampling 
Errord FY",SR,,"Number of 
Respondentse FY",SR
2004.0,,Paper,,0.3103448275862069,0.3931297709923664,,0.10648883905306752,0.0925221897554628,,81.0,103.0
2005.0,,Paper,,0.30597014925373134,0.38596491228070173,,0.10534022897447609,0.09809981330035862,,82.0,88.0
2006.0,,,,,,,,,,,
2007.0,,Web+,,0.1572112098427888,0.20734341252699784,,0.05944291265657894,0.06300175172739819,,230.0,192.0
2008.0,,,,,,,,,,,
2009.0,,Web+,,0.19087719298245612,0.26871794871794874,,0.05431303115977449,0.05180130687373916,,272.0,262.0
