HR,Jan,Feb,Mar,Apr,May,Jun,Jul,Aug,Sep,Oct,Nov,Dec
100,0.95,0.95,0.919922074055667,0.919922074055667,1.05,0.955,0.955,0.955,0.955,0.919922074055667,0.919922074055667,0.95
200,0.9,0.9,0.8765571553325274,0.8765571553325274,0.85,0.81,0.81,0.81,0.81,0.8765571553325274,0.8765571553325274,0.9
300,0.85,0.85,0.8570697169911102,0.8570697169911102,0.75,0.81,0.81,0.81,0.81,0.8570697169911102,0.8570697169911102,0.85
400,0.85,0.85,0.8519972933970165,0.8519972933970165,0.75,0.81,0.81,0.81,0.81,0.8519972933970165,0.8519972933970165,0.85
500,0.88,0.88,0.8625185192571009,0.8625185192571009,0.815,0.855,0.855,0.855,0.855,0.8625185192571009,0.8625185192571009,0.88
600,1.25,1.25,0.8656770754931219,0.8656770754931219,0.825,0.965,0.965,0.965,0.965,0.8656770754931219,0.8656770754931219,1.25
2300,1.25,1.25,1.406066773253763,1.406066773253763,1.595,1.58,1.58,1.58,1.58,1.406066773253763,1.406066773253763,1.25
2400,1.07,1.07,1.3601913922196933,1.3601913922196933,1.365,1.215,1.215,1.215,1.215,1.3601913922196933,1.3601913922196933,1.07
