,Gains and Losses,Total,Realized,Unrealized,
,Previous Day's Cumulative,-422480104.8888705,-73827735.57239872,-348652369.31647176,
,Today's Activity,-195930.67704999447,0,-195930.67704999447,
,Cumlative Ending,-422676035.5659205,-73827735.57239872,-348848299.99352175,
,Notional Capacity,20734509.75415021,,,
,Credit Capacity,-136799768.91,,,
,Remaining Governance Capacity,766318270.93,,,
