Stocks,Close,Change,% Change
DJIA,9811.15,44.69999999999891,0.004576893344050183
DJ 15 Util.,278.15,-1.2800000000000296,-0.004580753677128546
NASDAQ,1953.17,6.650000000000091,0.003416353286891525
S&P 500,1123.09,3.709999999999809,0.0033143347210061003
