,Curves Peak,7*8,Sat,Sun,,Hours 7*8,Sat,Sun/Holi,,OFF,,% of Hours 7*8,Sat,Sun/Holi,,OFF/ON OFF,7*8,Sat,Sun/Holi,,Days Days,Peak,Sat,Sun,Holi,,,,,,
Cal-02,28.54,15.7350301369863,25.830403846153843,25.40848275862069,,2920,832,928,,19.447917948717947,,0.6239316239316239,0.17777777777777778,0.19829059829059828,,0.6814266975724579,0.5513325205671443,0.9050597002856988,0.8902762003721335,,365,255,52,52,6,,,,,,
Cal-03,31.19676862745098,17.235605479452058,27.457384615384612,26.678637931034483,,2920,832,928,,20.925275213675214,,0.6239316239316239,0.17777777777777778,0.19829059829059828,,0.6707513673471435,0.552480472746332,0.8801355340124564,0.8551731190376924,,365,255,52,52,6,,,,,,
Cal-04,31.714661478599226,18.00084153005465,28.293549019607838,27.542034482758623,,2928,816,928,,21.69370890410959,,0.6267123287671232,0.17465753424657535,0.19863013698630136,,0.6840277616946444,0.5675873772829472,0.8921283627353259,0.8684322391819868,,366,257,51,52,6,,,,,,
Cal-05,32.51238431372549,18.71738630136986,28.705499999999997,28.470655172413796,,2920,832,928,,22.427032478632476,,0.6239316239316239,0.17777777777777778,0.19829059829059828,,0.6897996856282435,0.5757002045976706,0.8829097159718805,0.8756864737353197,,365,255,52,52,6,,,,,,
