Nominal,Gas Daily Trades,Cal02,Cal03,Rockies Apr-Oct,Rockies Dec-Mar,Nymex Dec,Nymex Jan,AECO Apr-Oct,Fuel Oil Crack,Weather,Total
AIGCOMARB (Nominal),-136169,-351312.5001753356,365365.00014562893,-135943.4999004053,120655.14981758571,-550549.9999476839,691075.0000511562,-74150.99964287103,-24000.00046306802,-61600,-156630.850114993
AARB (Nominal),-40674,-104937.50003722118,109135.00001500355,-40606.50004312524,36039.85051528244,-164450.00005131494,206425.00000100312,-22149.000214200947,-6000.000034235534,-18400,-45617.14984880875
AIGCOMARB (Discounted),-136169,-346961.0645999999,350610.74950000003,-134178.1162350002,120198.04801669967,-549852.662,688971.291,-73188.06310000003,-23703.791699999478,-61600,-165872.6091182999
AARB (Discounted),-40674,-103637.7206,104727.8862000001,-40079.17763250001,35903.313625799885,-164241.7043,205796.6194,-21861.36981537666,-5925.947600000072,-18400,-48392.100722076764
