calculated_solutions:,d0
2,-1.7822751505068708
4,-1.7956071347148441
8,-2.0849930551120708
16,-2.5031692545039195
32,-2.9784033133525201
64,-3.5157679799029298
