Table S2: Genomic loci linked to chronological lifespan.,,,,,
Day,Chromosome,Region,Viability RM,Viability BY,LOD Score
31.0,9.0,YIL066C-YILO34W,0.5697557625409834,0.6378626042181819,2.6
31.0,13.0,YML118W-YML083C,0.6483578955357144,0.5568457216896552,3.5
59.0,2.0,YBR072W-YBR092C,0.3320481215755933,0.3930572554919404,2.8
59.0,13.0,YML118W-YML077W,0.39689955255446835,0.3289040405171651,3.5
59.0,14.0,YNL093W-YNL066W,0.33257235042682365,0.41583090141102147,3.9
100.0,2.0,YBR045C-YBR092C,0.17863487544242282,0.23511459739432455,2.3
100.0,11.0,YKL010C-YKR015C,0.1851066081644043,0.23370162852354906,2.7
100.0,14.0,YNL093W-YNL066W,0.1780841974700047,0.24684591467670938,3.9
