calculated_solutions:,k_p1
20,6.5989123771198459E-003
80,7.0953269615285051E-003
320,7.2332932821456202E-003
1280,7.2779780340769019E-003
5120,7.2960530764645589E-003
