Age,"Total
murder
victims",Weapons Firearms,"Knives or
cutting
instruments","Blunt
objects
(clubs,
hammers,
etc.)","Personal
weapons
(hands, fists,
feet, etc.)1",Poison,Explosives,Fire,Narcotics,Strangulation,Asphyxiation,"Other
weapon or
weapon
not stated2",,,
Percent distribution3,100.0,72.58906735408817,10.516227113490647,3.08678696543063,4.600436248264922,0.08592768854517813,0.0,0.6808116861656421,0.6411527529909445,0.5816643532288982,0.694031330557208,6.523894507237755,,,
Under 184,1208.0,680.0,62.0,41.0,194.0,3.0,0.0,21.0,10.0,12.0,25.0,160.0,,,
Under 224,2994.0,2231.0,181.0,57.0,205.0,3.0,0.0,24.0,16.0,20.0,31.0,226.0,,,
18 and over4,13754.0,10230.0,1511.0,419.0,485.0,10.0,0.0,77.0,86.0,73.0,75.0,788.0,,,
Infant (under 1),167.0,12.0,2.0,10.0,79.0,0.0,0.0,0.0,4.0,3.0,11.0,46.0,,,
1 to 4,248.0,39.0,10.0,19.0,97.0,0.0,0.0,6.0,5.0,3.0,7.0,62.0,,,
5 to 8,91.0,44.0,9.0,3.0,7.0,1.0,0.0,7.0,1.0,2.0,4.0,13.0,,,
9 to 12,61.0,31.0,4.0,4.0,4.0,1.0,0.0,2.0,0.0,2.0,0.0,13.0,,,
13 to 16,365.0,309.0,24.0,3.0,5.0,1.0,0.0,3.0,0.0,1.0,2.0,17.0,,,
17 to 19,1132.0,995.0,65.0,9.0,9.0,0.0,0.0,5.0,3.0,3.0,5.0,38.0,,,
20 to 24,2428.0,2092.0,158.0,29.0,27.0,0.0,0.0,4.0,12.0,11.0,7.0,88.0,,,
25 to 29,2457.0,2066.0,199.0,26.0,36.0,1.0,0.0,7.0,20.0,6.0,7.0,89.0,,,
30 to 34,1790.0,1396.0,165.0,38.0,51.0,1.0,0.0,10.0,11.0,15.0,6.0,97.0,,,
35 to 39,1508.0,1159.0,154.0,30.0,49.0,1.0,0.0,6.0,12.0,9.0,12.0,76.0,,,
40 to 44,1077.0,782.0,133.0,29.0,43.0,1.0,0.0,5.0,5.0,3.0,4.0,72.0,,,
45 to 49,928.0,591.0,147.0,42.0,43.0,3.0,0.0,8.0,10.0,6.0,5.0,73.0,,,
50 to 54,832.0,471.0,157.0,48.0,58.0,1.0,0.0,7.0,4.0,5.0,6.0,75.0,,,
55 to 59,691.0,364.0,141.0,49.0,50.0,1.0,0.0,11.0,6.0,3.0,4.0,62.0,,,
60 to 64,456.0,226.0,82.0,35.0,45.0,0.0,0.0,4.0,2.0,6.0,5.0,51.0,,,
65 to 69,314.0,165.0,48.0,32.0,23.0,0.0,0.0,6.0,0.0,1.0,4.0,35.0,,,
70 to 74,151.0,68.0,34.0,19.0,10.0,1.0,0.0,3.0,0.0,2.0,4.0,10.0,,,
75 and over,266.0,100.0,41.0,35.0,43.0,0.0,0.0,4.0,1.0,4.0,7.0,31.0,,,
Unknown,167.0,72.0,18.0,7.0,17.0,0.0,0.0,5.0,1.0,3.0,5.0,39.0,,,
